{"cameraMode":{"drawMode":0,"name":"Shaded","section":"Shading Mode"},"sceneLighting":true,"audioPlay":false,"sceneViewState":{"showFog":false,"showMaterialUpdate":false,"showSkybox":false,"showFlares":false,"showImageEffects":false,"showParticleSystems":false},"in2DMode":false,"pivot":{"x":0.24007874727249146,"y":1.4291185140609742,"z":0.27816057205200198},"rotation":{"x":-0.26115450263023379,"y":-0.17630107700824738,"z":0.04857715591788292,"w":-0.9478167295455933},"size":1.923828363418579,"orthographic":false}