{"cameraMode":{"drawMode":0,"name":"Shaded","section":"Shading Mode"},"sceneLighting":true,"audioPlay":false,"sceneViewState":{"showFog":true,"showMaterialUpdate":false,"showSkybox":true,"showFlares":true,"showImageEffects":true,"showParticleSystems":true},"in2DMode":false,"pivot":{"x":-1.3592643737792969,"y":1.1841328144073487,"z":-1.7637004852294922},"rotation":{"x":-0.036928385496139529,"y":0.9548410177230835,"z":-0.13437293469905854,"w":-0.2624097764492035},"size":13.362603187561036,"orthographic":false}